                  epoch,           train/box_om,           train/cls_om,           train/dfl_om,           train/box_oo,           train/cls_oo,           train/dfl_oo,   metrics/precision(B),      metrics/recall(B),       metrics/mAP50(B),    metrics/mAP50-95(B),             val/box_om,             val/cls_om,             val/dfl_om,             val/box_oo,             val/cls_oo,             val/dfl_oo,                 lr/pg0,                 lr/pg1,                 lr/pg2
                      1,                 1.8051,                 3.2683,                 1.8729,                 1.5174,                 5.1551,                 1.6711,                0.65348,                0.33763,                0.36352,                0.14914,                 1.6927,                 2.9207,                 1.7918,                 1.5742,                 6.3705,                 1.6717,             0.00033231,             0.00033231,             0.00033231
                      2,                 1.6226,                 2.4272,                 1.7232,                 1.3814,                 4.1323,                 1.5179,                 0.7064,                 0.3065,                0.48912,                0.22153,                 1.6745,                 2.5703,                 1.8328,                 1.5642,                 5.2359,                 1.6549,             0.00033615,             0.00033615,             0.00033615
